<?xml version="1.0" encoding="UTF-8"?>
<project-private xmlns="http://www.netbeans.org/ns/project-private/1">
    <editor-bookmarks xmlns="http://www.netbeans.org/ns/editor-bookmarks/2" lastBookmarkId="0"/>
    <open-files xmlns="http://www.netbeans.org/ns/projectui-open-files/2">
        <group>
            <file>file:/E:/Coooding/Java/Myself/Task5/Project/Task5/src/jframe/ViewAllRecord.java</file>
            <file>file:/E:/Coooding/Java/Myself/Task5/Project/Task5/src/jframe/HomePage.java</file>
            <file>file:/E:/Coooding/Java/Myself/Task5/Project/Task5/src/jframe/ContactQuery.java</file>
            <file>file:/E:/Coooding/Java/Myself/Task5/Project/Task5/src/jframe/DBConnection.java</file>
            <file>file:/E:/Coooding/Java/Myself/Task5/Project/Task5/src/jframe/IssueBook.java</file>
            <file>file:/E:/Coooding/Java/Myself/Task5/Project/Task5/src/jframe/ReturnBook.java</file>
            <file>file:/E:/Coooding/Java/Myself/Task5/Project/Task5/src/jframe/ClickHereFirst.java</file>
            <file>file:/E:/Coooding/Java/Myself/Task5/Project/Task5/src/jframe/DefaulterList.java</file>
            <file>file:/E:/Coooding/Java/Myself/Task5/Project/Task5/src/jframe/SignupPage.java</file>
            <file>file:/E:/Coooding/Java/Myself/Task5/Project/Task5/src/jframe/ManageStudents.java</file>
            <file>file:/E:/Coooding/Java/Myself/Task5/Project/Task5/src/jframe/StudentReturn.java</file>
            <file>file:/E:/Coooding/Java/Myself/Task5/Project/Task5/src/jframe/IssueBookDetails.java</file>
            <file>file:/E:/Coooding/Java/Myself/Task5/Project/Task5/src/jframe/StudentHome.java</file>
            <file>file:/E:/Coooding/Java/Myself/Task5/Project/Task5/src/jframe/StudentIssue.java</file>
            <file>file:/E:/Coooding/Java/Myself/Task5/Project/Task5/src/jframe/ManageBooks.java</file>
            <file>file:/E:/Coooding/Java/Myself/Task5/Project/Task5/src/jframe/LoginPage.java</file>
            <file>file:/E:/Coooding/Java/Myself/Task5/Project/Task5/src/jframe/StudentLogin.java</file>
        </group>
    </open-files>
</project-private>
