<?xml version="1.0" encoding="UTF-8"?>
<project-private xmlns="http://www.netbeans.org/ns/project-private/1">
    <editor-bookmarks xmlns="http://www.netbeans.org/ns/editor-bookmarks/2" lastBookmarkId="0"/>
    <open-files xmlns="http://www.netbeans.org/ns/projectui-open-files/2">
        <group>
            <file>file:/E:/Coooding/Java/Myself/OnlineExam/src/Student.java</file>
            <file>file:/E:/Coooding/Java/Myself/OnlineExam/src/Login.java</file>
            <file>file:/E:/Coooding/Java/Myself/OnlineExam/src/Course.java</file>
            <file>file:/E:/Coooding/Java/Myself/OnlineExam/src/Question.java</file>
            <file>file:/E:/Coooding/Java/Myself/OnlineExam/src/Test.java</file>
        </group>
    </open-files>
</project-private>
